"","Facility ID","Facility Name","Address 1","Address 2","City","State","Postal Code","Country","URL","Phone","Begin Date","End Date","Active","City Operated","Notes","Location"
"1",56,"Loretto Hospital","645 S Central Ave",NA,"Chicago","IL","60644","United States of America","http://www.lorettohospital.org","(312) 626-4300","01/01/2021","12/31/2021",TRUE,FALSE,"Current and invited patients only (call to confirm)","POINT (-87.764443 41.872042)"
"2",92,"Primecare Wicker Park Health Center","1127 N Oakley Blvd","Fl 2","Chicago","IL","60622","United States of America","https://primecarehealth.org/",NA,"01/01/2021","12/31/2021",TRUE,FALSE,"Open to current patients only.","POINT (-87.68461 41.902138)"
"3",207,"Walgreens Store #232","3405 S KING DR",NA,"Chicago","IL","60616","United States of America","www.walgreens.com/schedulevaccine",NA,"03/01/2021","12/31/2021",TRUE,FALSE,"Vaccine availability is limited and subject to change. Find more information using the link or phone number provided.","POINT (-87.616993 41.832627)"
"4",126,"Walgreens Store #6641","1614 W 47th St",NA,"Chicago","IL","60609","United States of America","www.walgreens.com/schedulevaccine",NA,"01/01/2021","12/31/2021",TRUE,FALSE,"Vaccine availability is limited and subject to change. Find more information using the link or phone number provided.","POINT (-87.66575 41.808651)"
"5",1,"ACCESS Center for Discovery and Learning","5159 S Ashland Ave",NA,"Chicago","IL","60609","United States of America","https://www.achn.net","(800) 836-7633","02/04/2021","12/31/2021",FALSE,FALSE,"Open to current patients only.","POINT (-87.664649 41.800288)"
"6",111,"Walgreens Store #3321","5874 S Archer Ave",NA,"Chicago","IL","60638","United States of America","www.walgreens.com/schedulevaccine",NA,"01/01/2021","12/31/2021",TRUE,FALSE,"Vaccine availability is limited and subject to change. Find more information using the link or phone number provided.","POINT (-87.761992 41.795836)"
"7",239,"Walgreens Store #5121","5935 W ADDISON ST",NA,"Chicago","IL","60634","United States of America","www.walgreens.com/schedulevaccine",NA,"03/01/2021","12/31/2021",TRUE,FALSE,"Vaccine availability is limited and subject to change. Find more information using the link or phone number provided.","POINT (-87.775442 41.945798)"
"8",141,"UI Health - UIC Credit Union 1 Arena","525 S Racine Ave",NA,"Chicago","Il","60607","United States of America","https://hospital.uillinois.edu/primary-and-specialty-care/infectious-diseases/covid-19-coronavirus/vaccine",NA,"01/28/2021","12/31/2021",TRUE,FALSE,"Open to community and current patients.","POINT (-87.65659 41.869414)"
"9",28,"Austin Health Center of Cook County","4800 W Chicago Ave",NA,"Chicago","IL","60651","United States of America","https://cookcountyhealth.org/locations/austin-health-center/","(773) 826-9600","01/01/2021","12/31/2021",TRUE,FALSE,"Vaccine availability is limited and subject to change. Find more information using the link or phone number provided.","POINT (-87.746091 41.895034)"
"10",189,"PIC - Bucktown","1702 N. Milwaukee",NA,"Chicago","IL","60647","United States of America","https://physiciansimmediatecare.com/covid-19-vaccination-locations/",NA,"02/17/2021","12/31/2021",TRUE,FALSE,NA,"POINT (-87.680456 41.912325)"
"11",271,"Walgreens Store # 13798","5440 N CLARK ST",NA,"Chicago","IL","60640","United States of America","www.walgreens.com/schedulevaccine",NA,"03/01/2021","12/31/2021",TRUE,FALSE,"Vaccine availability is limited and subject to change. Find more information using the link or phone number provided.","POINT (-87.668394 41.98112)"
"12",33,"Chicago Family Health Center - Chicago Lawn","3223 W 63rd St",NA,"Chicago","IL","60629","United States of America","https://chicagofamilyhealth.org/","(773) 768-5000","01/01/2021","12/31/2021",TRUE,FALSE,"Vaccine availability is limited and subject to change. Find more information using the link or phone number provided.","POINT (-87.704082 41.778964)"
"13",79,"Oak Street Health Little Village","3010 W 26th St",NA,"Chicago","IL","60624","United States of America","https://www.oakstreethealth.com/covid-19-vaccine","773-209-5333","01/01/2021","12/31/2021",TRUE,FALSE,"Vaccine availability is limited and subject to change. Find more information using the link or phone number provided.","POINT (-87.700965 41.844623)"
"14",211,"Walgreens Store #259","3358 N WESTERN AVE",NA,"Chicago","IL","60618","United States of America","www.walgreens.com/schedulevaccine",NA,"03/01/2021","12/31/2021",TRUE,FALSE,"Vaccine availability is limited and subject to change. Find more information using the link or phone number provided.","POINT (-87.688186 41.943165)"
"15",222,"Walgreens Store #3698","3201 N BROADWAY ST",NA,"Chicago","IL","60657","United States of America","www.walgreens.com/schedulevaccine",NA,"03/01/2021","12/31/2021",TRUE,FALSE,"Vaccine availability is limited and subject to change. Find more information using the link or phone number provided.","POINT (-87.644391 41.940147)"
"16",243,"Walgreens Store # 5724","7045 S PULASKI RD",NA,"Chicago","IL","60629","United States of America","www.walgreens.com/schedulevaccine",NA,"03/01/2021","12/31/2021",TRUE,FALSE,"Vaccine availability is limited and subject to change. Find more information using the link or phone number provided.","POINT (-87.722329 41.764458)"
"17",254,"Walgreens Store #7359","3222 N MILWAUKEE AVE",NA,"Chicago","IL","60618","United States of America","www.walgreens.com/schedulevaccine",NA,"03/01/2021","12/31/2021",TRUE,FALSE,"Vaccine availability is limited and subject to change. Find more information using the link or phone number provided.","POINT (-87.724725 41.939651)"
"18",65,"Mariano's Pharmacy 53100539","3857 S Martin Luther King Dr",NA,"Chicago","IL","60653","United States of America","https://www.marianos.com/i/coronavirus-update/vaccine",NA,"01/01/2021","12/31/2021",TRUE,FALSE,"Vaccine availability is limited and subject to change. Find more information using the link or phone number provided.",NA
"19",47,"Hamdard Center for Health and Human Services","1542 W Devon Ave",NA,"Chicago","IL","60660","United States of America","https://www.hamdardcenter.org/combating-covid-19/",NA,"01/01/2021","12/31/2021",TRUE,FALSE,"Vaccine availability is limited and subject to change. Find more information using the link or phone number provided.","POINT (-87.66959 41.998032)"
"20",60,"Mariano's Pharmacy 53100520","3145 S Ashland Ave",NA,"Chicago","IL","60608","United States of America","https://www.marianos.com/i/coronavirus-update/vaccine",NA,"01/01/2021","12/31/2021",TRUE,FALSE,"Vaccine availability is limited and subject to change. Find more information using the link or phone number provided.","POINT (-87.665638 41.836512)"
"21",48,"Heartland Alliance Health - Englewood","5501 S Halsted",NA,"Chicago","IL","60620","United States of America","https://www.heartlandalliance.org/heartland-alliance-health/",NA,"01/01/2021","12/31/2021",TRUE,FALSE,"Vaccine availability is limited and subject to change. Find more information using the link or phone number provided.",NA
"22",75,"Oak Street Health Brighton Park","4327 S Archer Ave",NA,"Chicago","IL","60609","United States of America","https://www.oakstreethealth.com/covid-19-vaccine","773-209-5333","01/01/2021","12/31/2021",TRUE,FALSE,"Vaccine availability is limited and subject to change. Find more information using the link or phone number provided.","POINT (-87.702918 41.814938)"
"23",37,"Englewood Health Center of Cook County","1135 W 69th St",NA,"Chicago","IL","60621","United States of America","https://cookcountyhealth.org/locations/englewood-health-center/",NA,"01/01/2021","12/31/2021",TRUE,FALSE,"Vaccine availability is limited and subject to change. Find more information using the link or phone number provided.","POINT (-87.653282 41.768715)"
"24",253,"Walgreens Store # 7267","650 W 63RD ST",NA,"Chicago","IL","60621","United States of America","www.walgreens.com/schedulevaccine",NA,"03/01/2021","12/31/2021",TRUE,FALSE,"Vaccine availability is limited and subject to change. Find more information using the link or phone number provided.","POINT (-87.641655 41.779811)"
"25",136,"Walmart Store #5645","2844 N Broadway St",NA,"Chicago","IL","60657","United States of America",NA,"833-886-0023; Option 1","01/01/2021","12/31/2021",TRUE,FALSE,"Vaccine availability is limited and subject to change. Find more information using the link or phone number provided.","POINT (-87.644278 41.934267)"
"26",194,"PIC - Lincoln Park","933 W. Diversey",NA,"Chicago","IL","60614","United States of America","https://physiciansimmediatecare.com/covid-19-vaccination-locations/",NA,"02/17/2021","12/31/2021",TRUE,FALSE,NA,"POINT (-87.652762 41.932687)"
"27",265,"Walgreens Store # 11410","1627 N PULASKI RD",NA,"Chicago","IL","60639","United States of America","www.walgreens.com/schedulevaccine",NA,"03/01/2021","12/31/2021",TRUE,FALSE,"Vaccine availability is limited and subject to change. Find more information using the link or phone number provided.","POINT (-87.726372 41.910951)"
"28",226,"Walgreens Store #4461","501 W ROOSEVELT RD",NA,"Chicago","IL","60607","United States of America","www.walgreens.com/schedulevaccine",NA,"03/01/2021","12/31/2021",TRUE,FALSE,"Vaccine availability is limited and subject to change. Find more information using the link or phone number provided.","POINT (-87.639319 41.86723)"
"29",258,"Walgreens Store #7687","3320 W FULLERTON AVE",NA,"Chicago","IL","60647","United States of America","www.walgreens.com/schedulevaccine",NA,"03/01/2021","12/31/2021",TRUE,FALSE,"Vaccine availability is limited and subject to change. Find more information using the link or phone number provided.","POINT (-87.711594 41.924715)"
"30",43,"Friend Health - Cottage Grove","800 E 55th St",NA,"Chicago","IL","60615","United States of America","https://friendfhc.org/covid.html",NA,"01/01/2021","12/31/2021",TRUE,FALSE,"Vaccine availability is limited and subject to change. Find more information using the link or phone number provided.","POINT (-87.605677 41.795037)"
"31",69,"Mile Square Health Center UIC - Back of the Yards","4630 S Bishop St",NA,"Chicago","IL","60609","United States of America","https://hospital.uillinois.edu/patients-and-visitors/mile-square-federally-qualified-health-center/locations/back-of-the-yards","(312) 996-2000","01/01/2021","12/31/2021",TRUE,FALSE,"Vaccine availability is limited and subject to change. Find more information using the link or phone number provided.","POINT (-87.661328 41.8094)"
"32",116,"Walgreens Store #3961","2340 W Madison St",NA,"Chicago","IL","60612","United States of America","www.walgreens.com/schedulevaccine",NA,"01/01/2021","12/31/2021",TRUE,FALSE,"Vaccine availability is limited and subject to change. Find more information using the link or phone number provided.","POINT (-87.684861 41.881226)"
"33",221,"Walgreens Store # 2025","3000 S HALSTED ST",NA,"Chicago","IL","60608","United States of America","www.walgreens.com/schedulevaccine",NA,"03/01/2021","12/31/2021",TRUE,FALSE,"Vaccine availability is limited and subject to change. Find more information using the link or phone number provided.","POINT (-87.646321 41.839849)"
"34",80,"Oak Street Health Madison Street","3433 W Madison St",NA,"Chicago","IL","60641","United States of America","https://www.oakstreethealth.com/covid-19-vaccine","773-209-5333","01/01/2021","12/31/2021",TRUE,FALSE,"Vaccine availability is limited and subject to change. Find more information using the link or phone number provided.","POINT (-87.712345 41.880918)"
"35",101,"Walgreens Store #1417","1931 W Cermak Rd",NA,"Chicago","IL","60608","United States of America","www.walgreens.com/schedulevaccine",NA,"01/01/2021","12/31/2021",TRUE,FALSE,"Vaccine availability is limited and subject to change. Find more information using the link or phone number provided.","POINT (-87.674125 41.852232)"
"36",52,"Inner City Muslim Action Network (IMAN)","2744 W 63rd St",NA,"Chicago","IL","60629","United States of America","https://www.imancentral.org/chicago/health-center/","(773) 434-4626","01/01/2021","12/31/2021",TRUE,FALSE,"Vaccine availability is limited and subject to change. Find more information using the link or phone number provided.","POINT (-87.692639 41.779134)"
"37",233,"Walgreens Store #4978","111 S HALSTED ST",NA,"Chicago","IL","60661","United States of America","www.walgreens.com/schedulevaccine",NA,"03/01/2021","12/31/2021",TRUE,FALSE,"Vaccine availability is limited and subject to change. Find more information using the link or phone number provided.","POINT (-87.647247 41.879862)"
"38",248,"Walgreens Store #6727","4720 N MARINE DR",NA,"Chicago","IL","60640","United States of America","www.walgreens.com/schedulevaccine",NA,"03/01/2021","12/31/2021",TRUE,FALSE,"Vaccine availability is limited and subject to change. Find more information using the link or phone number provided.","POINT (-87.649282 41.967817)"
"39",280,"Jaimes Medical Group","3153 W. FULLERTON AVENUE",NA,"Chicago","IL","60647","United States of America","https://www.jaimesmedicalgroup.com/?lang=en","773-395-4600","05/04/2021","12/31/2021",TRUE,FALSE,"Open to existing and new patients","POINT (-87.706617 41.924687)"
"40",132,"Walmart Store #3110","7535 S Ashland Ave",NA,"Chicago","IL","60620","United States of America",NA,"833-886-0023; Option 1","01/01/2021","12/31/2021",TRUE,FALSE,"Vaccine availability is limited and subject to change. Find more information using the link or phone number provided.","POINT (-87.663538 41.756362)"
"41",190,"PIC - Clybourn","2077 N. Clybourn Ave",NA,"Chicago","IL","60614","United States of America","https://physiciansimmediatecare.com/covid-19-vaccination-locations/",NA,"02/17/2021","12/31/2021",TRUE,FALSE,NA,"POINT (-87.660843 41.91904)"
"42",107,"Walgreens Store #2877","2440 W North Ave",NA,"Chicago","IL","60647","United States of America","www.walgreens.com/schedulevaccine",NA,"01/01/2021","12/31/2021",TRUE,FALSE,"Vaccine availability is limited and subject to change. Find more information using the link or phone number provided.","POINT (-87.688632 41.910356)"
"43",216,"Walgreens Store #1310","3110 W ARMITAGE AVE",NA,"Chicago","IL","60647","United States of America","www.walgreens.com/schedulevaccine",NA,"03/01/2021","12/31/2021",TRUE,FALSE,"Vaccine availability is limited and subject to change. Find more information using the link or phone number provided.","POINT (-87.705973 41.917418)"
"44",84,"PCC Parkside Family Health Center","115 N Parkside Ave",NA,"Chicago","IL","60644","United States of America","https://www.pccwellness.org/covid-19",NA,"01/01/2021","12/31/2021",TRUE,FALSE,"Vaccine availability is limited and subject to change. Find more information using the link or phone number provided.","POINT (-87.766549 41.882729)"
"45",201,"Michigan Ave Immediate Care (MAIC)","180 N Michigan Ave STE STE 1720",NA,"Chicago","IL","60601","United States of America","https://www.zocdoc.com/practice/michigan-avenue-primary-care-15623?dr_specialty=510%20&isNewPatient=false",NA,"02/24/2021","12/31/2021",TRUE,FALSE,NA,NA
"46",112,"Walgreens Store #3395","3401 W Roosevelt Rd",NA,"Chicago","IL","60624","United States of America","www.walgreens.com/schedulevaccine",NA,"01/01/2021","12/31/2021",TRUE,FALSE,"Vaccine availability is limited and subject to change. Find more information using the link or phone number provided.","POINT (-87.710713 41.866364)"
"47",202,"Walgreens Store #147","3611 E 106TH ST",NA,"Chicago","IL","60617","United States of America","www.walgreens.com/schedulevaccine",NA,"03/01/2021","12/31/2021",TRUE,FALSE,"Vaccine availability is limited and subject to change. Find more information using the link or phone number provided.","POINT (-87.535999 41.70273)"
"48",144,"Walgreens Store #162","1554 E 55TH ST",NA,"Chicago","IL","60615","United States of America","www.walgreens.com/schedulevaccine",NA,"01/28/2021","12/31/2021",TRUE,FALSE,"Vaccine availability is limited and subject to change. Find more information using the link or phone number provided.","POINT (-87.588157 41.795267)"
"49",16,"ACCESS Madison","3800 W Madison St",NA,"Chicago","IL","60624","United States of America","https://www.achn.net","(800) 836-7633","02/08/2021","12/31/2021",FALSE,FALSE,"Open to current patients only.","POINT (-87.72102 41.880796)"
"50",97,"Saint Anthony Hospital","2875 W 19th St",NA,"Chicago","IL","60623","United States of America","https://sahchicago.org/hospital-services/infection-prevention","(773) 484-4000","01/01/2021","12/31/2021",TRUE,FALSE,"Open to current patients only.","POINT (-87.698272 41.855538)"
"51",275,"Walgreens Store #15992","2500 N CLARK ST",NA,"Chicago","IL","60614","United States of America","www.walgreens.com/schedulevaccine",NA,"03/01/2021","12/31/2021",TRUE,FALSE,"Vaccine availability is limited and subject to change. Find more information using the link or phone number provided.","POINT (-87.641865 41.92793)"
"52",29,"Aunt Martha's Community Health Center","3528 E 118th St",NA,"Chicago","IL","60617","United States of America","http://auntmarthas.org","(877) 692-8686","01/01/2021","12/31/2021",TRUE,FALSE,"Vaccine availability is limited and subject to change. Find more information using the link or phone number provided.","POINT (-87.537465 41.680954)"
"53",83,"PCC Community Wellness Center at Steinmetz","3030 N Mobile Ave",NA,"Chicago","IL","60634","United States of America","https://www.pccwellness.org/covid-19",NA,"01/01/2021","12/31/2021",TRUE,FALSE,"Vaccine availability is limited and subject to change. Find more information using the link or phone number provided.","POINT (-87.783386 41.934689)"
"54",179,"Walgreens Store #9438","30 N MICHIGAN AVE",NA,"Chicago","IL","60602","United States of America","www.walgreens.com/schedulevaccine",NA,"01/28/2021","12/31/2021",TRUE,FALSE,"Vaccine availability is limited and subject to change. Find more information using the link or phone number provided.","POINT (-87.624475 41.882435)"
"55",108,"Walgreens Store #2903","5222 W Madison St",NA,"Chicago","IL","60644","United States of America","www.walgreens.com/schedulevaccine",NA,"01/01/2021","12/31/2021",TRUE,FALSE,"Vaccine availability is limited and subject to change. Find more information using the link or phone number provided.","POINT (-87.755579 41.880429)"
"56",270,"Walgreens Store #13454","6140 N WESTERN AVE",NA,"Chicago","IL","60659","United States of America","www.walgreens.com/schedulevaccine",NA,"03/01/2021","12/31/2021",TRUE,FALSE,"Vaccine availability is limited and subject to change. Find more information using the link or phone number provided.","POINT (-87.689824 41.993469)"
"57",128,"Walgreens Store #1173","1520 W Fullerton Ave",NA,"Chicago","IL","60614","United States of America","www.walgreens.com/schedulevaccine",NA,"01/01/2021","12/31/2021",TRUE,FALSE,"Vaccine availability is limited and subject to change. Find more information using the link or phone number provided.","POINT (-87.666698 41.925188)"
"58",51,"Howard Brown Health - Clark","6500 N Clark St",NA,"Chicago","IL","60626","United States of America","https://howardbrown.org","(773) 388-1600","01/01/2021","12/31/2021",TRUE,FALSE,"Vaccine availability is limited and subject to change. Find more information using the link or phone number provided.","POINT (-87.671276 41.999881)"
"59",61,"Mariano's Pharmacy 53100522","5201 N Sheridan Rd",NA,"Chicago","IL","60640","United States of America","https://www.marianos.com/i/coronavirus-update/vaccine",NA,"01/01/2021","12/31/2021",TRUE,FALSE,"Vaccine availability is limited and subject to change. Find more information using the link or phone number provided.","POINT (-87.655022 41.976906)"
"60",229,"Walgreens Store # 4862","4343 N CENTRAL AVE",NA,"Chicago","IL","60634","United States of America","www.walgreens.com/schedulevaccine",NA,"03/01/2021","12/31/2021",TRUE,FALSE,"Vaccine availability is limited and subject to change. Find more information using the link or phone number provided.","POINT (-87.767198 41.959985)"
"61",93,"Primecare Young Family Health Center","1431 N Western Ave","Ste 101","Chicago","IL","60622","United States of America","https://primecarehealth.org/",NA,"01/01/2021","12/31/2021",TRUE,FALSE,"Open to current patients only.","POINT (-87.687092 41.908298)"
"62",261,"Walgreens Store # 9470","4817 W FULLERTON AVE",NA,"Chicago","IL","60639","United States of America","www.walgreens.com/schedulevaccine",NA,"03/01/2021","12/31/2021",TRUE,FALSE,"Vaccine availability is limited and subject to change. Find more information using the link or phone number provided.","POINT (-87.747293 41.924204)"
"63",44,"Friend Health - Pulaski","5635 S Pulaski Rd",NA,"Chicago","IL","60629","United States of America","https://friendfhc.org/covid.html",NA,"01/01/2021","12/31/2021",TRUE,FALSE,"Vaccine availability is limited and subject to change. Find more information using the link or phone number provided.","POINT (-87.722981 41.7902)"
"64",206,"Walgreens Store # 226","4005 W 26TH ST",NA,"Chicago","IL","60623","United States of America","www.walgreens.com/schedulevaccine",NA,"03/01/2021","12/31/2021",TRUE,FALSE,"Vaccine availability is limited and subject to change. Find more information using the link or phone number provided.","POINT (-87.72495 41.844257)"
"65",234,"Walgreens Store # 4986","4745 W BELMONT AVE",NA,"Chicago","IL","60641","United States of America","www.walgreens.com/schedulevaccine",NA,"03/01/2021","12/31/2021",TRUE,FALSE,"Vaccine availability is limited and subject to change. Find more information using the link or phone number provided.","POINT (-87.745967 41.938854)"
"66",115,"Walgreens Store #3950","4343 N Kedzie Ave",NA,"Chicago","IL","60618","United States of America","www.walgreens.com/schedulevaccine",NA,"01/01/2021","12/31/2021",TRUE,FALSE,"Vaccine availability is limited and subject to change. Find more information using the link or phone number provided.","POINT (-87.708216 41.960546)"
"67",266,"Walgreens Store #11492","5414 S ARCHER AVE",NA,"Chicago","IL","60638","United States of America","www.walgreens.com/schedulevaccine",NA,"03/01/2021","12/31/2021",TRUE,FALSE,"Vaccine availability is limited and subject to change. Find more information using the link or phone number provided.","POINT (-87.743617 41.798645)"
"68",88,"PCC Community Wellness Center - Salud","5359 W Fullerton Ave",NA,"Chicago","IL","60639","United States of America","https://www.pccwellness.org/covid-19","(773) 295-3347","01/01/2021","12/31/2021",TRUE,FALSE,"Vaccine availability is limited and subject to change. Find more information using the link or phone number provided.","POINT (-87.760484 41.924025)"
"69",121,"Walgreens Store #4752","316 W Cermak Rd",NA,"Chicago","IL","60616","United States of America","www.walgreens.com/schedulevaccine",NA,"01/01/2021","12/31/2021",TRUE,FALSE,"Vaccine availability is limited and subject to change. Find more information using the link or phone number provided.","POINT (-87.635599 41.852916)"
"70",225,"Walgreens Store #4349","201 W MADISON ST",NA,"Chicago","IL","60606","United States of America","www.walgreens.com/schedulevaccine",NA,"03/01/2021","12/31/2021",TRUE,FALSE,"Vaccine availability is limited and subject to change. Find more information using the link or phone number provided.","POINT (-87.634594 41.881927)"
"71",32,"Chicago Family Health Center - Pullman","570 E 115th St",NA,"Chicago","IL","60628","United States of America","https://chicagofamilyhealth.org/","(773) 768-5000","01/01/2021","12/31/2021",TRUE,FALSE,"Vaccine availability is limited and subject to change. Find more information using the link or phone number provided.","POINT (-87.608811 41.685462)"
"72",257,"Walgreens Store # 7630","933 N STATE ST",NA,"Chicago","IL","60610","United States of America","www.walgreens.com/schedulevaccine",NA,"03/01/2021","12/31/2021",TRUE,FALSE,"Vaccine availability is limited and subject to change. Find more information using the link or phone number provided.","POINT (-87.628321 41.900078)"
"73",76,"Oak Street Health Bronzeville","4318 S State St",NA,"Chicago","IL","60660","United States of America","https://www.oakstreethealth.com/covid-19-vaccine","773-209-5333","01/01/2021","12/31/2021",TRUE,FALSE,"Vaccine availability is limited and subject to change. Find more information using the link or phone number provided.","POINT (-87.62631 41.815781)"
"74",238,"Walgreens Store #5089","7111 S WESTERN AVE",NA,"Chicago","IL","60636","United States of America","www.walgreens.com/schedulevaccine",NA,"03/01/2021","12/31/2021",TRUE,FALSE,"Vaccine availability is limited and subject to change. Find more information using the link or phone number provided.","POINT (-87.683157 41.764259)"
"75",210,"Walgreens Store #258","1650 W CHICAGO AVE",NA,"Chicago","IL","60622","United States of America","www.walgreens.com/schedulevaccine",NA,"03/01/2021","12/31/2021",TRUE,FALSE,"Vaccine availability is limited and subject to change. Find more information using the link or phone number provided.","POINT (-87.668924 41.896051)"
"76",135,"Walmart Store #5617","4626 W Diversey Ave",NA,"Chicago","IL","60639","United States of America",NA,"833-886-0023; Option 1","01/01/2021","12/31/2021",TRUE,FALSE,"Vaccine availability is limited and subject to change. Find more information using the link or phone number provided.","POINT (-87.74243 41.931608)"
"77",193,"PIC - Lincoln & Peterson","5961 N. Lincoln Ave",NA,"Chicago","IL","60659","United States of America","https://physiciansimmediatecare.com/covid-19-vaccination-locations/",NA,"02/17/2021","12/31/2021",TRUE,FALSE,NA,"POINT (-87.705708 41.989441)"
"78",100,"Walgreens Store #178","740 W Diversey Pkwy",NA,"Chicago","IL","60614","United States of America","www.walgreens.com/schedulevaccine",NA,"01/01/2021","12/31/2021",TRUE,FALSE,"Vaccine availability is limited and subject to change. Find more information using the link or phone number provided.","POINT (-87.648348 41.932762)"
"79",262,"Walgreens Store #9709","4010 W LAWRENCE AVE",NA,"Chicago","IL","60630","United States of America","www.walgreens.com/schedulevaccine",NA,"03/01/2021","12/31/2021",TRUE,FALSE,"Vaccine availability is limited and subject to change. Find more information using the link or phone number provided.","POINT (-87.728507 41.968274)"
"80",281,"Loop Medical Center","1921 S Michigan Ave",NA,"Chicago","IL","60616","United States of America","http://www.loopmedicalcenter.com","312-414-1088","05/04/2021","12/31/2021",TRUE,FALSE,"Accepting new and existing patients.","POINT (-87.623909 41.856422)"
"81",120,"Walgreens Store #4519","1320 E 47th St",NA,"Chicago","IL","60653","United States of America","www.walgreens.com/schedulevaccine",NA,"01/01/2021","12/31/2021",TRUE,FALSE,"Vaccine availability is limited and subject to change. Find more information using the link or phone number provided.","POINT (-87.593586 41.809713)"
"82",242,"Walgreens Store # 5387","79 W MONROE ST",NA,"Chicago","IL","60603","United States of America","www.walgreens.com/schedulevaccine",NA,"03/01/2021","12/31/2021",TRUE,FALSE,"Vaccine availability is limited and subject to change. Find more information using the link or phone number provided.","POINT (-87.630177 41.880701)"
"83",36,"Christian Community Health Center","9718 S. Halsted",NA,"Chicago","IL","60628","United States of America","https://cchc-online.org/","(773) 233-4100","01/01/2021","12/31/2021",TRUE,FALSE,"Vaccine availability is limited and subject to change. Find more information using the link or phone number provided.","POINT (-87.643191 41.716982)"
"84",198,"PIC - South Loop","811 South State St",NA,"Chicago","IL","60605","United States of America","https://physiciansimmediatecare.com/covid-19-vaccination-locations/",NA,"02/17/2021","12/31/2021",TRUE,FALSE,NA,"POINT (-87.627452 41.87162)"
"85",64,"Mariano's Pharmacy 53100538","3030 N Broadway St","Ste 10","Chicago","IL","60657","United States of America","https://www.marianos.com/i/coronavirus-update/vaccine",NA,"01/01/2021","12/31/2021",TRUE,FALSE,"Vaccine availability is limited and subject to change. Find more information using the link or phone number provided.","POINT (-87.644291 41.937393)"
"86",203,"Walgreens Store #162","1554 E 55TH ST",NA,"Chicago","IL","60615","United States of America","www.walgreens.com/schedulevaccine",NA,"03/01/2021","12/31/2021",TRUE,FALSE,"Vaccine availability is limited and subject to change. Find more information using the link or phone number provided.","POINT (-87.588157 41.795267)"
"87",96,"Ruth M. Rothstein Core Center","2020 W Harrison St",NA,"Chicago","IL","60612","United States of America","https://cookcountyhealth.org/locations/ruth-m-rothstein-core-center/","(312) 572-4500","01/01/2021","12/31/2021",TRUE,FALSE,"Vaccine availability is limited and subject to change. Find more information using the link or phone number provided.","POINT (-87.67695 41.874065)"
"88",197,"PIC - Six Corners","4211 N. Cicero",NA,"Chicago","IL","60641","United States of America","https://physiciansimmediatecare.com/covid-19-vaccination-locations/",NA,"02/17/2021","12/31/2021",TRUE,FALSE,NA,"POINT (-87.74736 41.957627)"
"89",131,"Walgreens Store #15196","151 N State St","Floor 1","Chicago","IL","60601","United States of America","www.walgreens.com/schedulevaccine",NA,"01/01/2021","12/31/2021",TRUE,FALSE,"Vaccine availability is limited and subject to change. Find more information using the link or phone number provided.","POINT (-87.627827 41.884687)"
"90",25,"ACHN at Jorge Prieto Health Center","2424 S Pulaski Rd",NA,"Chicago","IL","60623","United States of America","https://cookcountyhealth.org/locations/dr-jorge-prieto-health-center/","(773) 521-0750","01/01/2021","12/31/2021",TRUE,FALSE,"Vaccine availability is limited and subject to change. Find more information using the link or phone number provided.","POINT (-87.724629 41.847003)"
"91",274,"Walgreens Store #15350","834 W ARMITAGE AVE",NA,"Chicago","IL","60614","United States of America","www.walgreens.com/schedulevaccine",NA,"03/01/2021","12/31/2021",TRUE,FALSE,"Vaccine availability is limited and subject to change. Find more information using the link or phone number provided.","POINT (-87.649821 41.918154)"
"92",235,"Walgreens Store #5033","2015 E 79TH ST",NA,"Chicago","IL","60649","United States of America","www.walgreens.com/schedulevaccine",NA,"03/01/2021","12/31/2021",TRUE,FALSE,"Vaccine availability is limited and subject to change. Find more information using the link or phone number provided.","POINT (-87.575298 41.751614)"
"93",55,"Logan Square Health Center of Cook County","2840 W Fullerton Ave",NA,"Chicago","IL","60647","United States of America","https://cookcountyhealth.org/locations/logan-square-health-center/","(773) 395-7400","01/01/2021","12/31/2021",TRUE,FALSE,"Vaccine availability is limited and subject to change. Find more information using the link or phone number provided.","POINT (-87.69909 41.924842)"
"94",57,"Mariano's Pharmacy 53100507","5353 N Elston Ave",NA,"Chicago","IL","60630","United States of America","https://www.marianos.com/i/coronavirus-update/vaccine",NA,"01/01/2021","12/31/2021",TRUE,FALSE,"Vaccine availability is limited and subject to change. Find more information using the link or phone number provided.","POINT (-87.757473 41.978765)"
"95",217,"Walgreens Store #1375","1200 N DEARBORN ST",NA,"Chicago","IL","60610","United States of America","www.walgreens.com/schedulevaccine",NA,"03/01/2021","12/31/2021",TRUE,FALSE,"Vaccine availability is limited and subject to change. Find more information using the link or phone number provided.","POINT (-87.629978 41.90422)"
"96",68,"Mile Square Health Center - South Shore","7037 S Stony Island Ave",NA,"Chicago","IL","60649","United States of America","https://hospital.uillinois.edu/patients-and-visitors/mile-square-federally-qualified-health-center/locations/south-shore","(312) 996-2000","01/01/2021","12/31/2021",TRUE,FALSE,"Vaccine availability is limited and subject to change. Find more information using the link or phone number provided.","POINT (-87.585939 41.766677)"
"97",230,"Walgreens Store # 4935","6809 W BELMONT AVE",NA,"Chicago","IL","60634","United States of America","www.walgreens.com/schedulevaccine",NA,"03/01/2021","12/31/2021",TRUE,FALSE,"Vaccine availability is limited and subject to change. Find more information using the link or phone number provided.","POINT (-87.796174 41.938159)"
"98",87,"PCC Community Wellness Center - Austin","5425 W Lake St",NA,"Chicago","IL","60644","United States of America","https://www.pccwellness.org/covid-19","(773) 295-3347","01/01/2021","12/31/2021",TRUE,FALSE,"Vaccine availability is limited and subject to change. Find more information using the link or phone number provided.","POINT (-87.761128 41.887265)"
"99",249,"Walgreens Store #6762","11833 S WESTERN AVE",NA,"Chicago","IL","60643","United States of America","www.walgreens.com/schedulevaccine",NA,"03/01/2021","12/31/2021",TRUE,FALSE,"Vaccine availability is limited and subject to change. Find more information using the link or phone number provided.","POINT (-87.680658 41.677806)"
"100",40,"Esperanza Health Center - Brighton Park","4700 S California Ave",NA,"Chicago","IL","60632","United States of America","https://www.esperanzachicago.org/",NA,"01/01/2021","12/31/2021",TRUE,FALSE,"Vaccine availability is limited and subject to change. Find more information using the link or phone number provided.","POINT (-87.69422 41.808305)"
"101",218,"Walgreens Store # 1496","6310 N NAGLE AVE",NA,"Chicago","IL","60646","United States of America","www.walgreens.com/schedulevaccine",NA,"03/01/2021","12/31/2021",TRUE,FALSE,"Vaccine availability is limited and subject to change. Find more information using the link or phone number provided.","POINT (-87.787508 41.996012)"
"102",245,"Walgreens Store #5867","3943 W 47TH ST",NA,"Chicago","IL","60632","United States of America","www.walgreens.com/schedulevaccine",NA,"03/01/2021","12/31/2021",TRUE,FALSE,"Vaccine availability is limited and subject to change. Find more information using the link or phone number provided.","POINT (-87.722773 41.807904)"
"103",260,"Walgreens Store # 9357","833 W 115TH ST",NA,"Chicago","IL","60643","United States of America","www.walgreens.com/schedulevaccine",NA,"03/01/2021","12/31/2021",TRUE,FALSE,"Vaccine availability is limited and subject to change. Find more information using the link or phone number provided.","POINT (-87.64327 41.685065)"
"104",45,"Friend Health - Western","5843 S Western Ave",NA,"Chicago","IL","60636","United States of America","https://friendfhc.org/covid.html",NA,"01/01/2021","12/31/2021",TRUE,FALSE,"Vaccine availability is limited and subject to change. Find more information using the link or phone number provided.","POINT (-87.683804 41.786964)"
"105",67,"Mile Square Health Center - Englewood","641 W 63rd St",NA,"Chicago","IL","60621","United States of America","https://hospital.uillinois.edu/patients-and-visitors/mile-square-federally-qualified-health-center/locations/englewood","(312) 996-2000","01/01/2021","12/31/2021",TRUE,FALSE,"Vaccine availability is limited and subject to change. Find more information using the link or phone number provided.","POINT (-87.641245 41.779814)"
"106",82,"PCC at Healthcare Alternative Systems, Inc.","4534 S Western Ave",NA,"Chicago","IL","60609","United States of America","https://www.pccwellness.org/covid-19",NA,"01/01/2021","12/31/2021",TRUE,FALSE,"Vaccine availability is limited and subject to change. Find more information using the link or phone number provided.","POINT (-87.684502 41.810918)"
"107",181,"Walgreens Store #9038","4001 W IRVING PARK RD",NA,"Chicago","IL","60641","United States of America","www.walgreens.com/schedulevaccine",NA,"01/28/2021","12/31/2021",TRUE,FALSE,"Vaccine availability is limited and subject to change. Find more information using the link or phone number provided.","POINT (-87.728008 41.953608)"
"108",273,"Walgreens Store #15197","6121 N BROADWAY ST",NA,"Chicago","IL","60660","United States of America","www.walgreens.com/schedulevaccine",NA,"03/01/2021","12/31/2021",TRUE,FALSE,"Vaccine availability is limited and subject to change. Find more information using the link or phone number provided.","POINT (-87.660288 41.992929)"
"109",50,"Howard Brown Health - 63rd St","641 W 63rd St",NA,"Chicago","IL","60621","United States of America","https://howardbrown.org","(773) 388-1600","01/01/2021","12/31/2021",TRUE,FALSE,"Vaccine availability is limited and subject to change. Find more information using the link or phone number provided.","POINT (-87.641245 41.779814)"
"110",94,"Roseland Community Hospital","45 W 111th St",NA,"Chicago","IL","60628","United States of America","http://www.roselandhospital.org/","(773) 995-3000","01/01/2021","12/31/2021",TRUE,FALSE,"For current and invited patients only","POINT (-87.624734 41.692562)"
"111",35,"Chicago Family Health Center - Roseland","120 W 111th St",NA,"Chicago","IL","60628","United States of America","https://chicagofamilyhealth.org/","(773) 768-5000","01/01/2021","12/31/2021",TRUE,FALSE,"Vaccine availability is limited and subject to change. Find more information using the link or phone number provided.","POINT (-87.626799 41.692536)"
"112",77,"Oak Street Health Edgewater","1541 W Devon Ave",NA,"Chicago","IL","60639","United States of America","https://www.oakstreethealth.com/covid-19-vaccine","773-209-5333","01/01/2021","12/31/2021",TRUE,FALSE,"Vaccine availability is limited and subject to change. Find more information using the link or phone number provided.","POINT (-87.669513 41.998032)"
"113",213,"Walgreens Store # 1101","1533 E 67TH ST",NA,"Chicago","IL","60637","United States of America","www.walgreens.com/schedulevaccine",NA,"03/01/2021","12/31/2021",TRUE,FALSE,"Vaccine availability is limited and subject to change. Find more information using the link or phone number provided.","POINT (-87.587916 41.773303)"
"114",72,"Norwegian American Hospital","1044 N Francisco Ave",NA,"Chicago","IL","60652","United States of America","https://www.nahospital.org/","(773) 292-8363","01/01/2021","12/31/2021",TRUE,FALSE,"Open to current patients only.","POINT (-87.699288 41.900481)"
"115",250,"Walgreens Store #6980","3019 W PETERSON AVE",NA,"Chicago","IL","60659","United States of America","www.walgreens.com/schedulevaccine",NA,"03/01/2021","12/31/2021",TRUE,FALSE,"Vaccine availability is limited and subject to change. Find more information using the link or phone number provided.","POINT (-87.705301 41.99037)"
"116",109,"Walgreens Store #3072","641 N Clark St",NA,"Chicago","IL","60654","United States of America","www.walgreens.com/schedulevaccine",NA,"01/01/2021","12/31/2021",TRUE,FALSE,"Vaccine availability is limited and subject to change. Find more information using the link or phone number provided.","POINT (-87.631165 41.893542)"
"117",228,"Walgreens Store #4542","5625 N RIDGE AVE",NA,"Chicago","IL","60660","United States of America","www.walgreens.com/schedulevaccine",NA,"03/01/2021","12/31/2021",TRUE,FALSE,"Vaccine availability is limited and subject to change. Find more information using the link or phone number provided.","POINT (-87.660897 41.984142)"
"118",256,"Walgreens Store # 7515","7155 W FOSTER PL",NA,"Chicago","IL","60656","United States of America","www.walgreens.com/schedulevaccine",NA,"03/01/2021","12/31/2021",TRUE,FALSE,"Vaccine availability is limited and subject to change. Find more information using the link or phone number provided.","POINT (-87.806503 41.974693)"
"119",241,"Walgreens Store # 5356","4710 S WESTERN AVE",NA,"Chicago","IL","60609","United States of America","www.walgreens.com/schedulevaccine",NA,"03/01/2021","12/31/2021",TRUE,FALSE,"Vaccine availability is limited and subject to change. Find more information using the link or phone number provided.","POINT (-87.684446 41.807958)"
"120",139,"Walmart Store #5965","10900 S Doty Ave",NA,"Chicago","IL","60628","United States of America",NA,"833-886-0023; Option 1","01/01/2021","12/31/2021",TRUE,FALSE,"Vaccine availability is limited and subject to change. Find more information using the link or phone number provided.","POINT (-87.596618 41.696117)"
"121",104,"Walgreens Store #2586","2301 W Irving Park Rd",NA,"Chicago","IL","60618","United States of America","www.walgreens.com/schedulevaccine",NA,"01/01/2021","12/31/2021",TRUE,FALSE,"Vaccine availability is limited and subject to change. Find more information using the link or phone number provided.","POINT (-87.686053 41.954021)"
"122",99,"TCA Health, Inc.","1029 E 130th St",NA,"Chicago","IL","60628","United States of America","http://tcahealth.org","(773) 995-6300","01/01/2021","12/31/2021",TRUE,FALSE,"Vaccine availability is limited and subject to change. Find more information using the link or phone number provided.","POINT (-87.595555 41.659714)"
"123",30,"Aunt Martha's Health and Wellness, Inc.","5001 S Michigan Ave",NA,"Chicago","IL","60615","United States of America","http://auntmarthas.org","(877) 692-8686","01/01/2021","12/31/2021",TRUE,FALSE,"Vaccine availability is limited and subject to change. Find more information using the link or phone number provided.","POINT (-87.622686 41.803549)"
"124",62,"Mariano's Pharmacy 53100527","2021 W Chicago Ave",NA,"Chicago","IL","60622","United States of America","https://www.marianos.com/i/coronavirus-update/vaccine",NA,"01/01/2021","12/31/2021",TRUE,FALSE,"Vaccine availability is limited and subject to change. Find more information using the link or phone number provided.","POINT (-87.677972 41.895918)"
"125",122,"Walgreens Store #4936","4040 N Cicero Ave",NA,"Chicago","IL","60641","United States of America","www.walgreens.com/schedulevaccine",NA,"01/01/2021","12/31/2021",TRUE,FALSE,"Vaccine availability is limited and subject to change. Find more information using the link or phone number provided.","POINT (-87.747386 41.954592)"
"126",277,"Walgreens Store # 16355","2 N STATE ST #1",NA,"Chicago","IL","60602","United States of America","www.walgreens.com/schedulevaccine",NA,"03/01/2021","12/31/2021",TRUE,FALSE,"Vaccine availability is limited and subject to change. Find more information using the link or phone number provided.","POINT (-87.627865 41.882107)"
"127",129,"Walgreens Store #12304","2744 N California Ave",NA,"Chicago","IL","60647","United States of America","www.walgreens.com/schedulevaccine",NA,"01/01/2021","12/31/2021",TRUE,FALSE,"Vaccine availability is limited and subject to change. Find more information using the link or phone number provided.","POINT (-87.697589 41.931419)"
"128",209,"Walgreens Store # 252","7510 N WESTERN AVE",NA,"Chicago","IL","60645","United States of America","www.walgreens.com/schedulevaccine",NA,"03/01/2021","12/31/2021",TRUE,FALSE,"Vaccine availability is limited and subject to change. Find more information using the link or phone number provided.","POINT (-87.690254 42.018614)"
"129",282,"Lifesaver Healthcare","7929 S YATES BLVD, STE 201",NA,"Chicago","IL","60617-1102","United States of America",NA,"877-799-7412","05/04/2021","12/31/2021",TRUE,FALSE,"Accepting new and existing patients!","POINT (-87.566235 41.75091)"
"130",114,"Walgreens Store #3949","3046 N Halsted St",NA,"Chicago","IL","60657","United States of America","www.walgreens.com/schedulevaccine",NA,"01/01/2021","12/31/2021",TRUE,FALSE,"Vaccine availability is limited and subject to change. Find more information using the link or phone number provided.","POINT (-87.649177 41.937783)"
"131",89,"Primecare Fullerton Health Center","3924 W Fullerton Ave",NA,"Chicago","IL","60647","United States of America","https://primecarehealth.org/",NA,"01/01/2021","12/31/2021",TRUE,FALSE,"Open to current patients only.","POINT (-87.725378 41.924555)"
"132",224,"Walgreens Store #4306","1633 W 95TH ST",NA,"Chicago","IL","60643","United States of America","www.walgreens.com/schedulevaccine",NA,"03/01/2021","12/31/2021",TRUE,FALSE,"Vaccine availability is limited and subject to change. Find more information using the link or phone number provided.","POINT (-87.663165 41.721135)"
"133",267,"Walgreens Store #12150","5158 N LINCOLN AVE",NA,"Chicago","IL","60625","United States of America","www.walgreens.com/schedulevaccine",NA,"03/01/2021","12/31/2021",TRUE,FALSE,"Vaccine availability is limited and subject to change. Find more information using the link or phone number provided.","POINT (-87.692359 41.975717)"
"134",134,"Walmart Store #5402","4650 W North Ave",NA,"Chicago","IL","60639","United States of America",NA,"833-886-0023; Option 1","01/01/2021","12/31/2021",TRUE,FALSE,"Vaccine availability is limited and subject to change. Find more information using the link or phone number provided.","POINT (-87.743003 41.909734)"
"135",199,"PIC - West Loop","600 W Adams St",NA,"Chicago","IL","60661","United States of America","https://physiciansimmediatecare.com/covid-19-vaccination-locations/",NA,"02/17/2021","12/31/2021",TRUE,FALSE,NA,"POINT (-87.642683 41.879284)"
"136",204,"Walgreens Store #194","4801 N LINCOLN AVE",NA,"Chicago","IL","60625","United States of America","www.walgreens.com/schedulevaccine",NA,"03/01/2021","12/31/2021",TRUE,FALSE,"Vaccine availability is limited and subject to change. Find more information using the link or phone number provided.","POINT (-87.689241 41.969836)"
"137",26,"Alivio - Western Avenue","2355 S Western Ave",NA,"Chicago","IL","60608","United States of America","https://www.aliviomedicalcenter.org/locations/western-avenue","(773) 254-1400","01/01/2021","12/31/2021",TRUE,FALSE,"Vaccine availability is limited and subject to change. Find more information using the link or phone number provided.","POINT (-87.685482 41.848718)"
"138",103,"Walgreens Store #2387","1616 E 87th St",NA,"Chicago","IL","60617","United States of America","www.walgreens.com/schedulevaccine",NA,"01/01/2021","12/31/2021",TRUE,FALSE,"Vaccine availability is limited and subject to change. Find more information using the link or phone number provided.","POINT (-87.58418 41.736934)"
"139",236,"Walgreens Store # 5034","6315 S KEDZIE AVE",NA,"Chicago","IL","60629","United States of America","www.walgreens.com/schedulevaccine",NA,"03/01/2021","12/31/2021",TRUE,FALSE,"Vaccine availability is limited and subject to change. Find more information using the link or phone number provided.","POINT (-87.703131 41.778351)"
"140",58,"Mariano's Pharmacy 53100515","1800 W Lawrence Ave",NA,"Chicago","IL","60640","United States of America","https://www.marianos.com/i/coronavirus-update/vaccine",NA,"01/01/2021","12/31/2021",TRUE,FALSE,"Vaccine availability is limited and subject to change. Find more information using the link or phone number provided.","POINT (-87.675062 41.968858)"
"141",231,"Walgreens Store #4937","5753 N CANFIELD AVE",NA,"Chicago","IL","60631","United States of America","www.walgreens.com/schedulevaccine",NA,"03/01/2021","12/31/2021",TRUE,FALSE,"Vaccine availability is limited and subject to change. Find more information using the link or phone number provided.","POINT (-87.823247 41.984894)"
"142",278,"Instavaxx LLC","2674 North Halsted Street",NA,"Chicago","IL","60614","United States of America","http://www.Getinstavax.com",NA,"03/01/2021","12/31/2021",TRUE,FALSE,"Phase 1a-1b / Accepts any insurance, no insurance, and undocumented","POINT (-87.648931 41.931119)"
"143",138,"Walmart Store #5781","8331 S Stewart Ave",NA,"Chicago","IL","60620","United States of America",NA,"833-886-0023; Option 1","01/01/2021","12/31/2021",TRUE,FALSE,"Vaccine availability is limited and subject to change. Find more information using the link or phone number provided.","POINT (-87.634052 41.740814)"
"144",192,"PIC - Jefferson Park","5228 Northwest Hwy",NA,"Chicago","IL","60630","United States of America","https://physiciansimmediatecare.com/covid-19-vaccination-locations/",NA,"02/17/2021","12/31/2021",TRUE,FALSE,NA,"POINT (-87.769154 41.975548)"
"145",263,"Walgreens Store #10350","7109 S JEFFERY BLVD",NA,"Chicago","IL","60649","United States of America","www.walgreens.com/schedulevaccine",NA,"03/01/2021","12/31/2021",TRUE,FALSE,"Vaccine availability is limited and subject to change. Find more information using the link or phone number provided.","POINT (-87.576292 41.765683)"
"146",214,"Walgreens Store #1298","1372 N MILWAUKEE AVE",NA,"Chicago","IL","60622","United States of America","www.walgreens.com/schedulevaccine",NA,"03/01/2021","12/31/2021",TRUE,FALSE,"Vaccine availability is limited and subject to change. Find more information using the link or phone number provided.","POINT (-87.671916 41.90684)"
"147",71,"Near North Health Service Corporation - Winfield Moody Health Center","1276 N Clybourn Ave",NA,"Chicago","IL","60610","United States of America","https://www.nearnorthhealth.org/","(312) 337-1073","01/01/2021","12/31/2021",TRUE,FALSE,"Vaccine availability is limited and subject to change. Find more information using the link or phone number provided.","POINT (-87.641844 41.905412)"
"148",86,"PCC West Town Family Health Center","1044 N Mozart St","Ste 100","Chicago","IL","60622","United States of America","https://www.pccwellness.org/covid-19",NA,"01/01/2021","12/31/2021",TRUE,FALSE,"Vaccine availability is limited and subject to change. Find more information using the link or phone number provided.","POINT (-87.698071 41.900626)"
"149",41,"Friend Health - Ashland","4802 S Ashland Ave",NA,"Chicago","IL","60609","United States of America","https://friendfhc.org/covid.html",NA,"01/01/2021","12/31/2021",TRUE,FALSE,"Vaccine availability is limited and subject to change. Find more information using the link or phone number provided.","POINT (-87.664977 41.806389)"
"150",219,"Walgreens Store # 1503","1926 W 35TH ST",NA,"Chicago","IL","60609","United States of America","www.walgreens.com/schedulevaccine",NA,"03/01/2021","12/31/2021",TRUE,FALSE,"Vaccine availability is limited and subject to change. Find more information using the link or phone number provided.","POINT (-87.673883 41.830417)"
"151",118,"Walgreens Store #4233","5600 W Fullerton Ave",NA,"Chicago","IL","60639","United States of America","www.walgreens.com/schedulevaccine",NA,"01/01/2021","12/31/2021",TRUE,FALSE,"Vaccine availability is limited and subject to change. Find more information using the link or phone number provided.","POINT (-87.76661 41.924032)"
"152",73,"Oak Street Health Ashburn","3348 W 87th St",NA,"Chicago","IL","60617","United States of America","https://www.oakstreethealth.com/covid-19-vaccine","773-209-5333","01/01/2021","12/31/2021",TRUE,FALSE,"Vaccine availability is limited and subject to change. Find more information using the link or phone number provided.","POINT (-87.705932 41.735189)"
"153",90,"Primecare Portage Park","5635 W Belmont Ave",NA,"Chicago","IL","60634","United States of America","https://primecarehealth.org/",NA,"01/01/2021","12/31/2021",TRUE,FALSE,"Open to current patients only.","POINT (-87.767925 41.938567)"
"154",268,"Walgreens Store # 12426","315 W CHICAGO AVE",NA,"Chicago","IL","60654","United States of America","www.walgreens.com/schedulevaccine",NA,"03/01/2021","12/31/2021",TRUE,FALSE,"Vaccine availability is limited and subject to change. Find more information using the link or phone number provided.","POINT (-87.636445 41.896586)"
"155",246,"Walgreens Store # 5926","4385 S ARCHER AVE",NA,"Chicago","IL","60632","United States of America","www.walgreens.com/schedulevaccine",NA,"03/01/2021","12/31/2021",TRUE,FALSE,"Vaccine availability is limited and subject to change. Find more information using the link or phone number provided.","POINT (-87.705004 41.813665)"
"156",251,"Walgreens Store #7179","2 E ROOSEVELT RD",NA,"Chicago","IL","60605","United States of America","www.walgreens.com/schedulevaccine",NA,"03/01/2021","12/31/2021",TRUE,FALSE,"Vaccine availability is limited and subject to change. Find more information using the link or phone number provided.","POINT (-87.62717 41.867498)"
"157",39,"Erie West Town Health Center","1701 W Superior St",NA,"Chicago","IL","60622","United States of America","https://www.eriefamilyhealth.org/coronavirus",NA,"01/01/2021","12/31/2021",TRUE,FALSE,"Vaccine availability is limited and subject to change. Find more information using the link or phone number provided.","POINT (-87.670068 41.895123)"
"158",196,"PIC - Old Town","121 W. North Ave",NA,"Chicago","IL","60610","United States of America","https://physiciansimmediatecare.com/covid-19-vaccination-locations/",NA,"02/17/2021","12/31/2021",TRUE,FALSE,NA,"POINT (-87.632637 41.911194)"
"159",54,"Lawndale Christian Health Center - Ogden Campus","3860 W Ogden Ave",NA,"Chicago","IL","60616","United States of America","https://lawndale.org/covid19","(872) 588-3000","01/01/2021","12/31/2021",TRUE,FALSE,NA,"POINT (-87.721905 41.852254)"
"160",223,"Walgreens Store # 3948","5140 W DIVERSEY AVE",NA,"Chicago","IL","60639","United States of America","www.walgreens.com/schedulevaccine",NA,"03/01/2021","12/31/2021",TRUE,FALSE,"Vaccine availability is limited and subject to change. Find more information using the link or phone number provided.","POINT (-87.755488 41.931436)"
"161",34,"Chicago Family Health Center - East Side","10536 S Ewing Ave",NA,"Chicago","IL","60617","United States of America","https://chicagofamilyhealth.org/","(773) 768-5000","01/01/2021","12/31/2021",TRUE,FALSE,"Vaccine availability is limited and subject to change. Find more information using the link or phone number provided.","POINT (-87.535291 41.703502)"
"162",95,"Rush University Medical Center","1620 W Harrison St",NA,"Chicago","IL","60612","United States of America","https://www.rush.edu/patients-visitors/covid-19-resources/covid-19-vaccines","(888) 352-7874","01/01/2021","12/31/2021",TRUE,FALSE,"For current and invited patients only","POINT (-87.667511 41.874237)"
"163",244,"Walgreens Store # 5825","1213 W 79TH ST",NA,"Chicago","IL","60620","United States of America","www.walgreens.com/schedulevaccine",NA,"03/01/2021","12/31/2021",TRUE,FALSE,"Vaccine availability is limited and subject to change. Find more information using the link or phone number provided.","POINT (-87.654532 41.750482)"
"164",212,"Walgreens Store #1096","3646 N BROADWAY ST",NA,"Chicago","IL","60613","United States of America","www.walgreens.com/schedulevaccine",NA,"03/01/2021","12/31/2021",TRUE,FALSE,"Vaccine availability is limited and subject to change. Find more information using the link or phone number provided.","POINT (-87.648007 41.948601)"
"165",66,"Metro Infectious Disease Consultants","2923 N California Ave","Ste 220","Chicago","IL","60618","United States of America",NA,NA,"01/01/2021","12/31/2021",TRUE,FALSE,"Email covid19vaccination@midcusa.com to schedule an appointment. Provide Name, DOB, Address, phone number and qualifying reason for vaccination.","POINT (-87.697666 41.934573)"
"166",124,"Walgreens Store #5192","9148 S Commercial Ave",NA,"Chicago","IL","60617","United States of America","www.walgreens.com/schedulevaccine",NA,"01/01/2021","12/31/2021",TRUE,FALSE,"Vaccine availability is limited and subject to change. Find more information using the link or phone number provided.","POINT (-87.551227 41.72858)"
"167",110,"Walgreens Store #3074","4700 S Halsted St",NA,"Chicago","IL","60609","United States of America","www.walgreens.com/schedulevaccine",NA,"01/01/2021","12/31/2021",TRUE,FALSE,"Vaccine availability is limited and subject to change. Find more information using the link or phone number provided.","POINT (-87.645576 41.808643)"
"168",272,"Walgreens Store #15004","953 W IRVING PARK RD",NA,"Chicago","IL","60613","United States of America","www.walgreens.com/schedulevaccine",NA,"03/01/2021","12/31/2021",TRUE,FALSE,"Vaccine availability is limited and subject to change. Find more information using the link or phone number provided.","POINT (-87.654117 41.954503)"
"169",130,"Walgreens Store #15065","1601 N Milwaukee Ave",NA,"Chicago","IL","60647","United States of America","www.walgreens.com/schedulevaccine",NA,"01/01/2021","12/31/2021",TRUE,FALSE,"Vaccine availability is limited and subject to change. Find more information using the link or phone number provided.","POINT (-87.677686 41.91053)"
"170",63,"Mariano's Pharmacy 53100534","1500 N Clybourn Ave","Unit C104","Chicago","IL","60610","United States of America","https://www.marianos.com/i/coronavirus-update/vaccine",NA,"01/01/2021","12/31/2021",TRUE,FALSE,"Vaccine availability is limited and subject to change. Find more information using the link or phone number provided.","POINT (-87.646261 41.908623)"
"171",49,"Heartland Alliance Health - Uptown","1015 W Lawrence Ave",NA,"Chicago","IL","60647","United States of America","https://www.heartlandalliance.org/heartland-alliance-health/",NA,"01/01/2021","12/31/2021",TRUE,FALSE,"Vaccine availability is limited and subject to change. Find more information using the link or phone number provided.","POINT (-87.655411 41.969067)"
"172",227,"Walgreens Store #4494","1649 W BELMONT AVE",NA,"Chicago","IL","60657","United States of America","www.walgreens.com/schedulevaccine",NA,"03/01/2021","12/31/2021",TRUE,FALSE,"Vaccine availability is limited and subject to change. Find more information using the link or phone number provided.","POINT (-87.670252 41.939691)"
"173",255,"Walgreens Store #7360","3220 W 111TH ST",NA,"Chicago","IL","60655","United States of America","www.walgreens.com/schedulevaccine",NA,"03/01/2021","12/31/2021",TRUE,FALSE,"Vaccine availability is limited and subject to change. Find more information using the link or phone number provided.","POINT (-87.701815 41.69155)"
"174",78,"Oak Street Health Hermosa","4417 W Diversey Ave",NA,"Chicago","IL","60623","United States of America","https://www.oakstreethealth.com/covid-19-vaccine","773-209-5333","01/01/2021","12/31/2021",TRUE,FALSE,"Vaccine availability is limited and subject to change. Find more information using the link or phone number provided.","POINT (-87.737483 41.931675)"
"175",140,"Rush University Medical Center","1653 W Congress Pkwy",NA,"Chicago","IL","60612","United States of America","https://www.rush.edu/patients-visitors/covid-19-resources/covid-19-vaccines/schedule-covid-19-vaccination",NA,"01/28/2021","12/31/2021",TRUE,FALSE,"Open to current patients only.","POINT (-87.66851 41.875166)"
"176",240,"Walgreens Store #5124","8628 S COTTAGE GROVE AVE",NA,"Chicago","IL","60619","United States of America","www.walgreens.com/schedulevaccine",NA,"03/01/2021","12/31/2021",TRUE,FALSE,"Vaccine availability is limited and subject to change. Find more information using the link or phone number provided.","POINT (-87.604949 41.737951)"
"177",208,"Walgreens Store #249","1601 N WELLS ST",NA,"Chicago","IL","60614","United States of America","www.walgreens.com/schedulevaccine",NA,"03/01/2021","12/31/2021",TRUE,FALSE,"Vaccine availability is limited and subject to change. Find more information using the link or phone number provided.","POINT (-87.634714 41.911317)"
"178",46,"Friend Health - Woodlawn","1522 E 63rd St",NA,"Chicago","IL","60637","United States of America","https://friendfhc.org/covid.html",NA,"01/01/2021","12/31/2021",TRUE,FALSE,"Vaccine availability is limited and subject to change. Find more information using the link or phone number provided.","POINT (-87.588296 41.780617)"
"179",31,"Beloved Community Family Wellness Center","6821 S Halsted St",NA,"Chicago","IL","60621","United States of America","https://www.bcfwc.org","(773) 651-3629","01/01/2021","12/31/2021",TRUE,FALSE,"Vaccine availability is limited and subject to change. Find more information using the link or phone number provided.","POINT (-87.644533 41.769817)"
"180",98,"Swedish Hospital, Part of Northshore","5140 N California Ave",NA,"Chicago","IL","60625","United States of America","https://www.swedishcovenant.org/covid/covid-19-vaccine",NA,"01/01/2021","12/31/2021",TRUE,FALSE,"Open to current patients only.","POINT (-87.698915 41.975057)"
"181",188,"ANGEL HEALTH CARE SERVICES S.C.","7906 S CARNDON AVE SUITE # 2",NA,"CHICAGO","IL","60617","United States of America",NA,"773-221-3333","01/26/2021","12/31/2021",TRUE,FALSE,NA,"POINT (-87.568673 41.751248)"
"182",81,"Oak Street Health Portage Park","4848 W Irving Park Rd",NA,"Chicago","IL","60641","United States of America","https://www.oakstreethealth.com/covid-19-vaccine","773-209-5333","01/01/2021","12/31/2021",TRUE,FALSE,"Vaccine availability is limited and subject to change. Find more information using the link or phone number provided.","POINT (-87.748529 41.953421)"
"183",276,"Walgreens Store # 16085","100 W RANDOLPH ST",NA,"Chicago","IL","60601","United States of America","www.walgreens.com/schedulevaccine",NA,"03/01/2021","12/31/2021",TRUE,FALSE,"Vaccine availability is limited and subject to change. Find more information using the link or phone number provided.","POINT (-87.631423 41.884501)"
"184",105,"Walgreens Store #2711","7150 W Archer Ave",NA,"Chicago","IL","60638","United States of America","www.walgreens.com/schedulevaccine",NA,"01/01/2021","12/31/2021",TRUE,FALSE,"Vaccine availability is limited and subject to change. Find more information using the link or phone number provided.","POINT (-87.800485 41.792014)"
"185",283,"NEAR NORTH HEALTH SERVICE CORP","1276 N CLYBOURN AVE",NA,"Chicago","IL","60610-2089","United States of America","https://www.nearnorthhealth.org/","312-337-1073","05/04/2021","12/31/2021",TRUE,FALSE,"Accepting new and existing patients","POINT (-87.641844 41.905412)"
"186",220,"Walgreens Store # 1593","5230 N MILWAUKEE AVE",NA,"Chicago","IL","60630","United States of America","www.walgreens.com/schedulevaccine",NA,"03/01/2021","12/31/2021",TRUE,FALSE,"Vaccine availability is limited and subject to change. Find more information using the link or phone number provided.","POINT (-87.767617 41.975417)"
"187",59,"Mariano's Pharmacy 53100516","2112 N Ashland Ave",NA,"Chicago","IL","60608","United States of America","https://www.marianos.com/i/coronavirus-update/vaccine",NA,"01/01/2021","12/31/2021",TRUE,FALSE,"Vaccine availability is limited and subject to change. Find more information using the link or phone number provided.","POINT (-87.668539 41.920702)"
"188",237,"Walgreens Store #5057","3153 W IRVING PARK RD",NA,"Chicago","IL","60618","United States of America","www.walgreens.com/schedulevaccine",NA,"03/01/2021","12/31/2021",TRUE,FALSE,"Vaccine availability is limited and subject to change. Find more information using the link or phone number provided.","POINT (-87.707383 41.953888)"
"189",215,"Walgreens Store  #1308","7410 N CLARK ST",NA,"Chicago","IL","60626","United States of America","www.walgreens.com/schedulevaccine",NA,"03/01/2021","12/31/2021",TRUE,FALSE,"Vaccine availability is limited and subject to change. Find more information using the link or phone number provided.","POINT (-87.675327 42.016566)"
"190",53,"Innovative Express Care","1111 W Diversey Pkwy",NA,"Chicago","IL","60614","United States of America","https://innovativecorona.com/","(773) 270-5600","01/01/2021","12/31/2021",TRUE,FALSE,"Vaccine availability is limited and subject to change. Find more information using the link or phone number provided.","POINT (-87.656045 41.932632)"
"191",74,"Oak Street Health Avalon Park","1715 E 95th St",NA,"Chicago","IL","60632","United States of America","https://www.oakstreethealth.com/covid-19-vaccine","773-209-5333","01/01/2021","12/31/2021",TRUE,FALSE,"Vaccine availability is limited and subject to change. Find more information using the link or phone number provided.","POINT (-87.581624 41.722335)"
"192",259,"Walgreens Store #9000","2001 N MILWAUKEE AVE",NA,"Chicago","IL","60647","United States of America","www.walgreens.com/schedulevaccine",NA,"03/01/2021","12/31/2021",TRUE,FALSE,"Vaccine availability is limited and subject to change. Find more information using the link or phone number provided.","POINT (-87.688596 41.917601)"
"193",252,"Walgreens Store #7250","2345 W 103RD ST",NA,"Chicago","IL","60643","United States of America","www.walgreens.com/schedulevaccine",NA,"03/01/2021","12/31/2021",TRUE,FALSE,"Vaccine availability is limited and subject to change. Find more information using the link or phone number provided.","POINT (-87.680785 41.706353)"
"194",42,"Friend Health - 51st Street","340 E 51st St",NA,"Chicago","IL","60615","United States of America","https://friendfhc.org/covid.html",NA,"01/01/2021","12/31/2021",TRUE,FALSE,"Vaccine availability is limited and subject to change. Find more information using the link or phone number provided.","POINT (-87.617571 41.802123)"
"195",279,"United Center Vaccination Site","1724 W. Madison",NA,"Chicago","IL","60612","United States of America","https://www.zocdoc.com/vaccine","(312)746-4835","03/09/2021","12/31/2021",TRUE,FALSE,"Seniors 65+ will have exclusive registration access starting Thursday, March 4 at 8:30am. General registration for Phase 1b+ will open Sunday, March 7 at 4:00 pm","POINT (-87.670304 41.881414)"
"196",133,"Walmart Store #3166","4720 S Cottage Grove Ave",NA,"Chicago","IL","60615","United States of America",NA,"833-886-0023; Option 1","01/01/2021","12/31/2021",TRUE,FALSE,"Vaccine availability is limited and subject to change. Find more information using the link or phone number provided.","POINT (-87.606539 41.80867)"
"197",27,"Alivio - Morgan","966 W 21st St",NA,"Chicago","IL","60608","United States of America","https://www.aliviomedicalcenter.org/locations/morgan-street","(773) 254-1400","01/01/2021","12/31/2021",TRUE,FALSE,"Vaccine availability is limited and subject to change. Find more information using the link or phone number provided.","POINT (-87.650689 41.853905)"
"198",195,"PIC - North Center","3909 N. Western",NA,"Chicago","IL","60618","United States of America","https://physiciansimmediatecare.com/covid-19-vaccination-locations/",NA,"02/17/2021","12/31/2021",TRUE,FALSE,NA,"POINT (-87.688336 41.952426)"
"199",205,"Walgreens Store # 215","3045 W 26TH ST",NA,"Chicago","IL","60623","United States of America","www.walgreens.com/schedulevaccine",NA,"03/01/2021","12/31/2021",TRUE,FALSE,"Vaccine availability is limited and subject to change. Find more information using the link or phone number provided.","POINT (-87.701928 41.844608)"
"200",102,"Walgreens Store #2211","5036 S Cottage Grove Ave",NA,"Chicago","IL","60615","United States of America","www.walgreens.com/schedulevaccine",NA,"01/01/2021","12/31/2021",TRUE,FALSE,"Vaccine availability is limited and subject to change. Find more information using the link or phone number provided.","POINT (-87.606428 41.802905)"
"201",264,"Walgreens Store #10558","250 S WACKER DR",NA,"Chicago","IL","60606","United States of America","www.walgreens.com/schedulevaccine",NA,"03/01/2021","12/31/2021",TRUE,FALSE,"Vaccine availability is limited and subject to change. Find more information using the link or phone number provided.","POINT (-87.636917 41.878217)"
"202",117,"Walgreens Store #4147","1546 N Central Ave",NA,"Chicago","IL","60651","United States of America","www.walgreens.com/schedulevaccine",NA,"01/01/2021","12/31/2021",TRUE,FALSE,"Vaccine availability is limited and subject to change. Find more information using the link or phone number provided.","POINT (-87.765876 41.908886)"
"203",200,"Michigan Ave Immediate Care (MAIC)","180 N Michigan Ave STE 1605",NA,"Chicago","IL","60601","United States of America","https://www.zocdoc.com/practice/michigan-avenue-primary-care-15623?dr_specialty=510%20&isNewPatient=false",NA,"02/24/2021","12/31/2021",TRUE,FALSE,NA,"POINT (-87.624569 41.885151)"
"204",70,"Near North Health Service Corporation - Komed Holman Health Center","4259 S Berkeley Ave",NA,"Chicago","IL","60653","United States of America","https://www.nearnorthhealth.org/","(312) 337-1070","01/01/2021","12/31/2021",TRUE,FALSE,"Vaccine availability is limited and subject to change. Find more information using the link or phone number provided.","POINT (-87.600625 41.817193)"
"205",38,"Erie Foster AvenueHealth Center","2750 W North Ave","1st Floor","Chicago","IL","60647","United States of America","https://www.eriefamilyhealth.org/coronavirus",NA,"01/01/2021","12/31/2021",TRUE,FALSE,"Vaccine availability is limited and subject to change. Find more information using the link or phone number provided.","POINT (-87.696515 41.910291)"
"206",232,"Walgreens Store # 4938","4748 W NORTH AVE",NA,"Chicago","IL","60639","United States of America","www.walgreens.com/schedulevaccine",NA,"03/01/2021","12/31/2021",TRUE,FALSE,"Vaccine availability is limited and subject to change. Find more information using the link or phone number provided.","POINT (-87.745091 41.909708)"
"207",269,"Walgreens Store #13106","11801 S AVENUE O",NA,"Chicago","IL","60617","United States of America","www.walgreens.com/schedulevaccine",NA,"03/01/2021","12/31/2021",TRUE,FALSE,"Vaccine availability is limited and subject to change. Find more information using the link or phone number provided.","POINT (-87.540034 41.680504)"
"208",91,"Primecare West Town","1431 N Western Ave","Ste 406","Chicago","IL","60622","United States of America","https://primecarehealth.org/",NA,"01/01/2021","12/31/2021",TRUE,FALSE,"Open to current patients only.","POINT (-87.687092 41.908298)"
"209",85,"PCC Wellness at West Suburban Hospital","1 Erie Ct","Ste 7140","Oak Park","IL","60302","United States of America","https://www.pccwellness.org/covid-19",NA,"01/01/2021","12/31/2021",TRUE,FALSE,"Vaccine availability is limited and subject to change. Find more information using the link or phone number provided.","POINT (-87.777466 41.89184)"
"210",247,"Walgreens Store #6297","6016 W 63RD ST",NA,"Chicago","IL","60638","United States of America","www.walgreens.com/schedulevaccine",NA,"03/01/2021","12/31/2021",TRUE,FALSE,"Vaccine availability is limited and subject to change. Find more information using the link or phone number provided.","POINT (-87.772166 41.777886)"
"211",113,"Walgreens Store #3539","11 E 75th St",NA,"Chicago","IL","60619","United States of America","www.walgreens.com/schedulevaccine",NA,"01/01/2021","12/31/2021",TRUE,FALSE,"Vaccine availability is limited and subject to change. Find more information using the link or phone number provided.","POINT (-87.624302 41.758119)"
"212",137,"Walmart Store #5646","2551 W Cermak Rd",NA,"Chicago","IL","60608","United States of America",NA,"833-886-0023; Option 1","01/01/2021","12/31/2021",TRUE,FALSE,"Vaccine availability is limited and subject to change. Find more information using the link or phone number provided.","POINT (-87.689211 41.852013)"
"213",191,"PIC - Edgewater","6140 N. Broadway",NA,"Chicago","IL","60660","United States of America","https://physiciansimmediatecare.com/covid-19-vaccination-locations/",NA,"02/17/2021","12/31/2021",TRUE,FALSE,NA,"POINT (-87.660401 41.993429)"
"214",106,"Walgreens Store #2840","1500 W Wilson Ave",NA,"Chicago","IL","60640","United States of America","www.walgreens.com/schedulevaccine",NA,"01/01/2021","12/31/2021",TRUE,FALSE,"Vaccine availability is limited and subject to change. Find more information using the link or phone number provided.","POINT (-87.668285 41.965263)"
"215",284,"Health Direction Medical Center","1417 N ASHLAND",NA,"Chicago","IL","60622","United States of America","https://hdmedicalcenter.com/","773-342-1090","05/04/2021","12/31/2021",TRUE,FALSE,"Open to New and Existing Patients","POINT (-87.667538 41.907509)"
"216",125,"Walgreens Store #5234","5435 S Kedzie Ave",NA,"Chicago","IL","60632","United States of America","www.walgreens.com/schedulevaccine",NA,"01/01/2021","12/31/2021",TRUE,FALSE,"Vaccine availability is limited and subject to change. Find more information using the link or phone number provided.","POINT (-87.70357 41.794161)"
